Country Name,Country Code,Access to electricity (% of population),"Compulsory education, duration (years)","Employment to population ratio, 15+, total (%) (modeled ILO estimate)","GDP per capita, PPP (current international $)",Individuals using the Internet (% of population),"Industry (including construction), value added per worker (constant 2015 US$)","Inflation, GDP deflator (annual %)",Land area (sq. km),Merchandise exports by the reporting economy (current US$),Military expenditure (% of GDP),Net migration,Population ages 15-64 (% of total population),Proportion of seats held by women in national parliaments (%),Renewable energy consumption (% of total final energy consumption),Urban population (% of total population),"Vulnerable employment, total (% of total employment) (modeled ILO estimate)",happiness_score,social_support,healthy_life_expectancy_at_birth,freedom_to_make_life_choices,generosity,perceptions_of_corruption,positive_affect,negative_affect
Afghanistan,AFG,42.7,9.0,43.159,1765.538028306152,4.0,3015.389251885906,3.8146303154521055,652230.0,388483653.0,1.94583569418812,-167460.0,49.2260551369721,27.710843373494,15.2,22.2614799010924,90.043576046337,4758.0,539.0,51.1,0.6,121.0,707.0,517.0,275.0
Angola,AGO,35.0,6.0,64.438,7411.654608836238,2.8,52725.65481097119,28.670799911778147,1246700.0,52194949816.0,4.1775845224338,122418.0,52.1299279990298,38.6363636363636,53.1,60.1310289535053,75.4921547412175,,,,,,,,
Albania,ALB,99.6,8.0,47.426,9210.346289496843,45.0,13234.141982789011,4.127443891207989,27400.0,1537369764.0,1.55859189302349,-51907.0,67.3838908889083,16.4285714285714,37.0,51.8815774292716,55.1330239126757,5269.0,733.0,67.6,569.0,-174.0,726.0,576.0,0.3
United Arab Emirates,ARE,100.0,6.0,74.498,85120.19746877524,68.0,93185.97704425883,19.457635716218064,71020.0,167191777723.0,6.038592208267881,161842.0,81.7040705422879,22.5,0.1,83.3714299144178,0.607486075437938,7097.0,912.0,65.1,878.0,53.0,355.0,701.0,233.0
Argentina,ARG,98.8,13.0,55.544,17847.61103731781,45.0,36749.77947392457,20.91512427204698,2736690.0,66188210926.99999,0.814878118220695,-5003.0,63.9173106797385,38.5214007782101,8.8,90.9930051940977,19.04902381148509,6441.0,927.0,66.3,0.73,-129.0,855.0,765.0,211.0
Armenia,ARM,99.8,10.0,49.862,7095.212679790087,25.0,12285.586253582733,7.768715480676519,28470.0,1029602639.0,4.26564605593771,-30009.0,69.9705705545878,9.16030534351145,9.4,64.3304164043132,46.669368706310905,4368.0,0.66,64.8,459.0,-177.0,891.0,437.0,426.0
Australia,AUS,100.0,11.0,62.066,39504.36108278397,76.0,113664.22327245944,1.1651877881097477,7682300.0,209673646125.0,1.85259869583961,166752.0,67.4018595917306,24.6666666666667,8.2,86.2198600512143,10.637430686935222,7.45,955.0,70.2,932.0,313.0,366.0,762.0,0.22
Austria,AUT,100.0,9.0,56.952,41735.45747987438,75.17,91992.6507351836,0.8913386949096491,82520.0,152204785468.0,0.826388366920392,22570.0,67.5198292810067,27.8688524590164,31.1,67.1047429254747,11.33397239547268,7303.0,914.0,69.9,896.0,127.0,546.0,0.71,156.0
Azerbaijan,AZE,99.9,9.0,57.437,14930.40999284228,46.0,44328.8537187054,13.827665836528212,82656.0,21359739700.0,2.79100435652891,1373.0,71.8007526197132,16.0,4.4,53.2848367714869,55.969865303325406,4219.0,687.0,61.7,501.0,-125.0,858.0,516.0,272.0
Burundi,BDI,5.3,,77.156,613.6958800498892,1.0,3019.265817480433,8.957514676387206,25680.0,90748856.0,,11845.0,52.6291122397194,32.0754716981132,93.2,10.9843097335487,86.998386174983,,,,,,,,
Belgium,BEL,100.0,12.0,49.67,39839.97727729182,77.6398,83435.27463560623,1.7031044452060513,30333.0,402486098304.0,1.09018110220613,105232.0,65.9424518102042,39.3333333333333,6.2,84.9719309583717,11.216935110136296,6854.0,931.0,69.2,807.0,18.0,697.0,793.0,0.24
Benin,BEN,34.2,6.0,71.118,2220.328546114892,3.13,1952.4125863421089,0.8808856704779089,112760.0,533758488.00000006,,3947.0,53.0372644650402,10.8433734939759,47.2,42.8916891239353,83.86160637197031,,,,,,,,
Burkina Faso,BFA,13.1,10.0,76.847,1449.4221638292097,2.4,2589.9446867463635,3.779618728157047,273600.0,1357916747.0,1.22478599330692,-42055.0,51.7142338224256,15.3153153153153,82.1,24.115092498158,80.8078833988332,4036.0,773.0,51.2,587.0,-35.0,767.0,565.0,217.0
Bangladesh,BGD,55.3,5.0,56.597,2833.6954436886417,3.7,3020.602158071418,7.144663028108411,130170.0,14081069068.0,1.18438401700177,-1113727.0,61.7403305619908,18.5507246376812,40.3,27.7254372588696,62.1114634809614,4858.0,549.0,61.2,659.0,-0.03,774.0,496.0,292.0
Bulgaria,BGR,93.5,9.0,48.003,14119.533546547767,46.23,10973.948531977398,0.7641297157083216,108560.0,19982502051.0,1.64246152423714,-21668.0,68.3958807402685,20.8333333333333,14.3,71.5149307250977,7.89619663400265,3912.0,843.0,65.2,545.0,-151.0,941.0,513.0,238.0
Bahrain,BHR,100.0,9.0,70.934,49254.5770084238,55.0,44669.63154974512,12.006950909995282,762.0,4541478605.0,3.27782374844849,-19329.0,77.4677641101048,2.5,0.0,100.0,1.06144346386962,5937.0,877.0,65.0,862.0,-6.0,715.0,641.0,423.0
Bosnia and Herzegovina,BIH,99.5,9.0,37.183,8578.588744987668,42.75,9344.641191113522,1.4062960010107162,51200.0,4688959785.0,1.28034144398166,-67228.0,69.3101863676535,16.6666666666667,19.6,45.7392153332604,22.73915608979022,4669.0,773.0,67.0,365.0,-128.0,933.0,465.0,409.0
Belarus,BLR,94.4,9.0,59.024,15339.099903597224,31.8,11194.577425237872,11.340309873278729,202902.0,25052362200.0,1.3413834329232,10300.0,71.2064002518662,31.8181818181818,7.3,74.5501403808594,8.50813685974614,5526.0,918.0,62.3,0.7,-166.0,706.0,532.0,208.0
Belize,BLZ,89.9,8.0,56.717,9747.825621945904,28.2,16920.497948748045,2.164187827138633,22810.0,303872806.0,0.8763470063358221,1639.0,60.4718262580212,0.0,29.4,45.1914838193558,29.25143921146583,,,,,,,,
Bolivia,BOL,88.0,14.0,66.638,6245.338631976708,22.4,6702.462205988312,8.777508115545388,1083300.0,6960152984.0,2.78500726887326,-12590.0,60.1113495957955,25.3846153846154,19.9,66.4075665659133,64.60380810872479,5781.0,807.0,61.7,703.0,-0.07,781.0,0.72,0.35
Brazil,BRA,98.6,8.0,60.575,14451.71583881094,40.65,16662.17426554355,8.423338339283376,8358140.0,196859026221.0,1.53940698128362,-261539.0,68.6253597695835,8.57699805068226,46.8,84.343846036308,25.85500191359571,6837.0,906.0,63.9,806.0,-57.0,656.0,726.0,0.25
Bhutan,BTN,73.3,,65.887,7245.772635224038,13.6,28980.699972463462,8.326962415046893,38117.0,413760207.0,,-922.0,65.4633768129162,8.51063829787234,84.8,33.9051967813552,69.0949937782355,,,,,,,,
Botswana,BWA,52.0,,49.171,12753.306634011746,6.0,42580.83762289382,7.685492244446706,566730.0,4676984521.0,2.75907988033428,5151.0,62.526188320802,7.93650793650794,29.9,63.4945974665277,27.94587352381992,3553.0,866.0,50.6,826.0,-138.0,814.0,617.0,172.0
Central African Republic,CAF,9.8,10.0,68.621,936.485497371468,2.0,2325.798028331776,4.211309310975111,622980.0,89526484.0,2.40996017514635,-43126.0,52.1944991932442,9.61538461538462,93.8,38.6244963104203,78.85512462481739,3568.0,483.0,42.5,0.69,-33.0,845.0,478.0,257.0
Canada,CAN,100.0,10.0,61.274,40103.11143996734,80.3,95276.17769201047,2.8486377956180178,8965590.0,387385512026.0,1.19433833839121,225369.0,69.3276453126297,22.0779220779221,21.4,81.0120892252937,10.687807028110315,7.65,954.0,70.8,934.0,227.0,413.0,791.0,233.0
Switzerland,CHE,100.0,11.0,63.791,54426.28280927895,83.9,167311.99978660294,0.3127367481175866,39513.225,195448784143.0,0.6872201659332771,76388.0,68.0152780176375,29.0,20.6,73.6086716419323,11.5490005534118,,,,,,,,
Chile,CHL,99.5,12.0,55.209,17917.895121709666,45.0,34836.463939842266,8.85744148942345,743532.0,70691778793.0,2.25424093293149,26048.0,68.4593612046098,14.1666666666667,27.0,86.9560135592209,19.946865402744752,6636.0,857.0,68.5,786.0,102.0,702.0,0.76,0.3
China,CHN,99.7,9.0,67.746,9411.138219032044,34.3,14491.662591835717,6.928457312959964,9388211.0,1574608363961.0,1.73351986212832,-184144.0,72.8644787380355,21.325744894543,12.3,49.2340270628041,40.486714348509295,4653.0,768.0,66.7,805.0,-136.0,,658.0,158.0
Cote d'Ivoire,CIV,58.4,10.0,62.549,3360.5440882605467,2.7,7247.708431089672,1.5162179241976048,318000.0,10164239020.0,1.12710510056221,-182689.0,53.6920440618622,8.86699507389163,75.4,47.2374301523201,78.6679641701152,,,,,,,,
Cameroon,CMR,52.8,6.0,73.097,2913.942927556055,4.3,7030.256864329192,0.6881870827776453,472710.0,4180093669.0,1.2883751769681902,-9366.0,53.2907150098032,13.8888888888889,78.7,50.8505075371362,77.2990131783781,4554.0,759.0,49.6,792.0,-4.0,875.0,594.0,274.0
"Congo, Dem. Rep.",COD,13.0,6.0,65.191,605.7851602809274,0.72,4442.735359643931,34.70030361689939,2267050.0,7687089996.0,0.821258594589643,8823.0,50.8243133189658,8.4,96.8,39.391363708294,80.9426016930631,,,,,,,,
"Congo, Rep.",COG,40.0,10.0,54.662,5125.069913436428,5.0,16359.127473435114,29.417683796629632,341500.0,6540311646.0,1.6625904477394,12318.0,56.8188531000899,7.2992700729927,54.5,62.3922871058739,75.88642671671302,,,,,,,,
Colombia,COL,96.8,10.0,59.598,10841.127980131168,36.5,17429.61450124927,3.804860291463825,1109500.0,39044578270.0,3.63691504613462,-34220.0,66.6986616594888,12.6506024096386,30.6,76.7232975672119,45.03676238890333,6408.0,893.0,67.2,816.0,-53.0,815.0,792.0,265.0
Comoros,COM,69.7,6.0,41.413,2372.412339897118,5.1,3727.020971175066,1.6750408214062134,1861.0,14169450.0,,-3832.0,54.1829557324277,3.03030303030303,66.0,28.8540982913801,60.97055740106855,3812.0,721.0,57.0,529.0,0.0,741.0,664.0,178.0
Costa Rica,CRI,99.0,11.0,54.968,12927.564593014968,36.5,30300.67590311684,6.628844861752697,51060.0,9435665788.0,,2357.0,67.7790991233026,38.5964912280702,40.4,71.5081448974915,23.831714371187186,7271.0,915.0,69.2,881.0,41.0,763.0,827.0,221.0
Cuba,CUB,97.8,9.0,53.453,,15.9,19901.529574251592,1.2020485294816865,106440.0,3204366159.0,3.32685611242383,-34121.0,69.6395562911815,43.1596091205212,15.6,76.6099132468685,9.47516549760378,,,,,,,,
Cyprus,CYP,100.0,10.0,60.108,31632.126953125,52.99,26433.941580486782,1.881382039433177,9240.0,1185592082.0,1.85292455056688,11793.0,71.6949964821405,12.5,6.5,67.5229111556342,13.82842236572283,6387.0,822.0,70.8,755.0,68.0,833.0,699.0,296.0
Czechia,CZE,100.0,9.0,54.095,28153.851861000665,68.82,32178.23937535153,-0.485125297413731,77230.0,132906507267.99998,1.18289778802227,34927.0,70.1383514992853,22.0,10.9,73.3495599222723,14.079723542059552,6.25,934.0,67.7,779.0,-46.0,926.0,648.0,244.0
Germany,DEU,100.0,13.0,55.134,39726.09869239501,82.0,72738.11461531676,0.6997600251765306,348570.0,1257054791261.0,1.24181027958074,130116.0,65.7386429233445,32.7974276527331,11.6,80.305702559949,6.755177447524311,6725.0,939.0,70.0,843.0,91.0,688.0,698.0,182.0
Djibouti,DJI,57.9,10.0,24.431,,6.5,,,23180.0,2011904242.0,,2129.0,59.9689438823802,13.8461538461538,32.5,70.6486554782903,33.27801862722726,5006.0,,54.6,764.0,-69.0,597.0,,
Denmark,DNK,100.0,10.0,58.677,43037.59891924865,88.72,106971.64412373977,3.18685979296221,40000.0,96124601515.0,1.39710181036952,17533.0,65.4503784115053,37.9888268156425,21.2,86.8652420043945,6.722399795926551,7771.0,975.0,69.4,944.0,238.0,175.0,796.0,155.0
Dominican Republic,DOM,98.1,15.0,53.751,11245.681189220137,31.4,20778.324096444445,5.349311343617799,48310.0,6257943079.0,0.6675317048534,-36587.0,64.0677431919492,20.7650273224044,16.9,74.1642773174177,44.274580713621305,4735.0,0.86,64.4,824.0,-77.0,0.78,707.0,282.0
Algeria,DZA,98.9,10.0,39.174,14201.36599069689,12.5,19961.970518766884,15.556918121837882,2381740.0,57052188363.0,3.1899815466736703,-10788.0,67.6481822386726,7.7120822622108,0.3,67.1235057867459,29.453632304158848,5464.0,,65.5,593.0,-0.21,618.0,,
Ecuador,ECU,97.5,15.0,60.122,8968.940408389426,29.03,21252.57605012994,9.01371738601253,248360.0,17207383911.0,3.07257396611835,-8330.0,62.8244552270906,32.258064516129,11.8,62.7405258611644,43.9038963484365,5838.0,839.0,65.8,723.0,-66.0,806.0,771.0,0.22
"Egypt, Arab Rep.",EGY,99.4,9.0,45.045,8837.764500337027,21.6,16376.514023930984,10.106864629572115,995450.0,26198633978.0,1.95296705174529,-194100.0,62.1827160607324,12.6953125,5.4,42.9057175520154,17.24015657917127,4669.0,769.0,61.7,486.0,-75.0,826.0,491.0,276.0
Spain,ESP,100.0,10.0,47.569,31804.67465716888,65.8,62512.22658413483,0.2928377312733943,500010.0,244654710664.0,1.3816644927099,69406.0,68.1859842081222,36.5714285714286,14.4,78.5138156234888,12.116009691740022,6188.0,0.95,71.0,796.0,-142.0,0.84,645.0,322.0
Estonia,EST,100.0,9.0,50.399,21614.30683073612,74.1,25144.007342059856,1.816537691065264,42390.0,11368255968.0,1.7003491521770602,-3781.0,67.3236704236026,22.7722772277228,25.3,67.8048042926262,7.594326934403204,,,,,,,,
Ethiopia,ETH,25.5,8.0,79.663,995.6539785787468,0.75,1359.5117893533848,1.4445723274722866,1128571.0,2342193456.0,1.15394252706819,80213.0,51.5467227104408,27.7879341864717,94.1,17.4937839508057,88.8349580144057,,,,,,,,
Finland,FIN,100.0,9.0,54.702,38946.22826535803,86.89,101516.34602999974,0.3488729464248052,303900.0,68921933470.0,1.49172644486325,14080.0,66.1834985425622,40.0,33.4,69.7855798796947,10.61410091079428,7393.0,935.0,69.6,916.0,87.0,413.0,758.0,202.0
France,FRA,100.0,10.0,51.0,35907.553103157385,77.28,69572.24452479424,1.0894464238029968,538950.0,518844935217.0,1.96864375039496,52644.0,64.6865895755283,18.8908145580589,11.9,77.0962844808803,7.0449876649317655,6798.0,943.0,71.2,0.85,-107.0,623.0,729.0,261.0
Gabon,GAB,89.3,10.0,39.071,14014.69054911223,13.0,113056.28553081249,16.564320214108875,257670.0,8665626971.0,1.87162256589575,17274.0,58.4287615582259,14.6551724137931,85.8,86.1852592472945,31.51866206883453,,,,,,,,
United Kingdom,GBR,100.0,11.0,56.874,36483.56828026211,85.0,88925.03678462545,1.328371368401605,241930.0,399271397517.0,2.56799960467203,274811.0,65.9030603247605,22.0,3.2,80.995165116277,11.355479028318884,7029.0,955.0,69.4,841.0,399.0,587.0,753.0,176.0
Georgia,GEO,100.0,9.0,54.021,7711.806838894871,26.9,12635.480271605264,15.90582835915437,69490.0,1677377719.0,3.65484993224496,-36608.0,67.6946640008039,6.52173913043478,39.1,55.1969344748228,57.6307751183667,4102.0,0.54,63.7,558.0,-251.0,0.46,402.0,243.0
Ghana,GHA,64.2,11.0,67.977,3855.468917167567,7.8,5696.487850697352,16.595644732234675,227540.0,5232416758.0,0.282687655236928,-3726.0,57.512112514882,8.26086956521739,51.9,50.7296926788704,73.5947339401619,4606.0,739.0,54.3,891.0,72.0,875.0,693.0,184.0
Guinea,GIN,28.1,6.0,56.142,1621.6916114124235,1.0,6818.837408316054,16.102603374833365,245720.0,2114732883.0,,-31327.0,51.8702567485494,,75.7,33.8075426880206,85.99175873262351,,,,,,,,
"Gambia, The",GMB,46.8,9.0,43.452,2266.828982384417,9.2,2080.3840304378623,5.644330860973355,10120.0,66628389.0,,-2456.0,52.844592071283,7.54716981132075,56.6,56.0110896605662,74.65655393873391,,,,,,,,
Greece,GRC,100.0,10.0,46.167,27838.73639085996,44.4,45575.45238872553,1.1809206522849252,128900.0,27603305516.0,2.75678087939637,2001.0,66.2088808027564,17.3333333333333,11.4,76.3631476983077,27.79912273919222,5.84,868.0,70.0,484.0,-306.0,954.0,581.0,292.0
Guatemala,GTM,84.3,16.0,58.344,6510.099809499635,10.5,10186.869659320791,5.137572988466218,107160.0,8424976748.999999,0.441382604389834,-36076.0,56.8220039672106,12.0253164556962,67.1,51.3270380592706,37.64806491651832,6.29,859.0,60.1,696.0,164.0,795.0,805.0,236.0
Guyana,GUY,83.3,6.0,49.848,9336.598302125944,29.9,14050.443625903456,3.9722524192748807,196850.0,895992241.999999,0.905210395614708,-13655.0,63.1774298921664,30.0,30.6,26.4592185137368,30.96768078106425,,,,,,,,
"Hong Kong SAR, China",HKG,100.0,9.0,56.276,49197.64693380977,72.0,36054.265786169104,0.2706388942243904,1050.0,390144000656.999,,8307.0,74.5728895264276,,0.1,100.0,6.4206015729077,5643.0,857.0,,0.89,328.0,256.0,601.0,183.0
Honduras,HND,81.0,9.0,59.364,3757.546420624499,11.09,7208.761617942649,4.676043294990095,111890.0,2815310743.0,1.07445720815541,-5419.0,58.8814502722518,17.96875,53.6,51.3273733161098,38.07953899259969,5866.0,803.0,62.3,646.0,104.0,0.82,745.0,0.26
Croatia,HRV,100.0,8.0,46.43,19015.140651767088,56.55,24302.64032289315,0.9200859861223164,55964.0,11698376112.0,1.6661861623033298,-3995.0,66.8289063924947,23.5294117647059,29.8,55.2824979327886,14.000618345470649,5596.0,796.0,67.3,564.0,-242.0,973.0,554.0,259.0
Haiti,HTI,37.2,6.0,55.617,2694.9110413731546,8.37,8386.984454923057,7.393823467041386,27560.0,653742627.0,,-28416.0,59.839677357427,11.1111111111111,79.0,46.0679741838751,74.4739764332237,3766.0,554.0,28.0,373.0,171.0,848.0,495.0,293.0
Hungary,HUN,100.0,13.0,46.181,21690.98664777384,65.0,24538.643648365185,2.531208331753689,90530.0,95483401412.0,1.02413363369774,10592.0,68.8006623023243,9.06735751295337,13.5,69.5305480957031,8.99367488544888,4725.0,896.0,65.8,514.0,-149.0,983.0,574.0,235.0
Indonesia,IDN,94.2,9.0,62.845,8353.456847332489,10.92,13462.285731316031,15.264293657644942,1877519.0,157685094049.0,0.617587091951932,-57752.0,66.1962744759531,18.0357142857143,36.0,49.8521375148888,57.2529873177426,5457.0,816.0,61.2,0.7,445.0,954.0,717.0,218.0
India,IND,76.3,8.0,50.586,4206.459860021172,7.5,4571.010694596526,10.52603085516614,2973190.0,219867189977.0,2.88946327164641,-50905.0,63.7171853960836,10.8256880733945,36.2,30.9042190810094,82.312286141453,4989.0,605.0,57.3,783.0,56.0,863.0,579.0,267.0
Ireland,IRL,100.0,10.0,53.5,43212.20400032121,69.85,187621.26994464447,-2.968926881361796,68890.0,117333486721.0,0.574574154033988,-26974.0,67.5334058625863,13.9393939393939,5.3,61.8910689348512,13.666190755265156,7257.0,973.0,70.1,856.0,343.0,618.0,763.0,201.0
"Iran, Islamic Rep.",IRN,99.4,8.0,36.51,18627.815202270995,15.9,20160.53458572916,15.882625972510866,1628760.0,86206413648.0,2.7865480606164,-12849.0,71.3964621348573,2.75862068965517,0.9,70.6092626774386,40.947858244607794,,,,,,,,
Iraq,IRQ,98.4,6.0,37.865,12186.192962384144,2.5,29989.75667871694,16.586740750225815,434320.0,49199217970.0,2.70935227972459,92779.0,55.758390801384,25.2307692307692,1.7,69.0582953378474,30.91265614542016,5065.0,854.0,60.9,419.0,-0.12,859.0,497.0,431.0
Iceland,ISL,100.0,10.0,69.036,39763.98889579103,93.39,91629.44482700848,6.552054711674941,100250.0,4600501603.0,,-2055.0,66.9351391447017,42.8571428571429,76.0,93.4588348107886,11.37079453916267,,,,,,,,
Israel,ISR,100.0,13.0,57.893,29455.954673251123,67.5,99333.81645889729,1.1908579544763145,21640.0,55944600000.0,5.78907528727422,12906.0,62.1305526232036,19.1666666666667,8.6,91.7316426703946,8.061811580322958,7359.0,882.0,71.4,561.0,148.0,902.0,628.0,362.0
Italy,ITA,100.0,12.0,43.981,34974.10451358069,53.68,63206.78202924382,0.5978397029165592,295718.0,443149935629.0,1.49431312454622,274387.0,65.5049888211785,21.2698412698413,12.8,68.2163741829857,17.476650946175038,6354.0,872.0,71.1,738.0,-63.0,921.0,535.0,236.0
Jamaica,JAM,92.2,6.0,55.876,8521.288764173276,27.67,14081.331104640558,9.810235167121787,10830.0,1324751718.0,0.8741794842212011,-13248.0,67.0677907673724,13.3333333333333,8.9,53.7535679480806,38.89692079785081,,,,,,,,
Jordan,JOR,100.0,10.0,34.563,9416.64386806071,27.2,22183.93513870083,8.077456097130735,88780.0,5852161678.0,5.74149982771799,4872.0,60.5507353765946,10.8333333333333,3.0,82.2601083887084,10.242865621046866,5.57,918.0,66.7,788.0,-54.0,,564.0,343.0
Japan,JPN,100.0,9.0,56.539,35336.0080490032,78.21,76606.22166747338,-1.8807419500621307,364500.0,767120855724.0,0.94903257605427,131860.0,63.5310455900648,11.25,4.7,90.6228586840649,9.63133466671252,6057.0,902.0,73.0,772.0,-145.0,0.77,779.0,188.0
Kazakhstan,KAZ,100.0,9.0,66.831,18641.80614770728,31.6,32963.77891380746,19.5422853937296,2699700.0,56532839164.0,1.01441556484772,-6840.0,68.1238349745636,17.7570093457944,1.4,54.2054127497102,31.00158812119641,5514.0,904.0,60.4,785.0,-219.0,823.0,655.0,149.0
Kenya,KEN,19.2,8.0,71.646,2634.892713238255,7.2,6132.762100822217,1.6391996480253257,569140.0,4905659191.0,1.3699852575929,-21069.0,54.2828921761042,9.82142857142857,74.0,31.8713287706458,60.4144393357643,4256.0,805.0,53.5,635.0,8.0,918.0,758.0,123.0
Kyrgyz Republic,KGZ,99.0,9.0,60.158,3075.615543324552,16.3,2203.212482342608,10.03390354196685,191800.0,1488400549.0,3.8461743536872,-6521.0,65.2989783512955,23.3333333333333,25.6,35.267768240398,34.8917141726324,4996.0,885.0,61.6,0.72,-74.0,926.0,516.0,123.0
Cambodia,KHM,31.1,,84.098,2988.504014394566,1.26,3392.1445930876484,6.264998869323193,176520.0,5568622831.0,1.21559876300051,-49781.0,62.8472808878673,21.1382113821138,64.8,21.1232251168762,57.003354482368,4141.0,697.0,59.0,0.94,348.0,896.0,662.0,422.0
"Korea, Rep.",KOR,100.0,9.0,58.328,33120.35193456304,83.7,75442.27998491898,2.7189106729589128,97200.0,457798608012.0,2.36122792330691,52042.0,72.619581168145,14.7157190635452,1.3,81.9685075986486,21.24386113181922,6116.0,816.0,70.9,677.0,-37.0,752.0,626.0,0.13
Kuwait,KWT,100.0,9.0,67.449,75184.08659247814,61.4,141276.36128021684,11.103350581383935,17820.0,5740258043.0,3.7561481418781,101566.0,75.1883681689518,7.69230769230769,0.0,100.0,0.9623699734288548,6798.0,893.0,69.2,703.0,-37.0,486.0,687.0,203.0
Lao PDR,LAO,70.2,5.0,60.253,3772.2660517240392,7.0,18675.21429674689,9.196571111386746,230800.0,1911522663.0,0.204567128983702,-30046.0,59.9268352058683,25.2173913043478,64.8,30.6468600890172,82.3803129414813,,,,,,,,
Lebanon,LBN,99.5,9.0,41.734,14703.615321508383,43.68,21150.508766644005,0.5786067232631353,10230.0,3824150274.0,4.12394687168443,-40915.0,67.6459269932605,3.125,5.7,87.6392192810679,20.51575675843259,5032.0,721.0,65.4,678.0,0.07,949.0,457.0,341.0
Liberia,LBR,5.3,6.0,75.36,980.1181397741,2.3,2321.337042977369,6.512003689056684,96320.0,24460654.0,0.4568667344862669,2850.0,53.6525256905213,12.5,88.6,48.1407517057907,78.47888278682879,4196.0,827.0,52.1,819.0,-0.04,818.0,549.0,217.0
Libya,LBY,81.9,9.0,39.375,30234.091872880505,14.0,109987.70544880615,19.278545342938955,1759540.0,44571442929.0,,9611.0,66.0575308190923,7.69230769230769,2.5,88.1177139282227,17.97879821610119,,,,,,,,
Sri Lanka,LKA,85.3,9.0,50.745,8233.62663813947,,9574.89069441567,26.93487617584853,62710.0,8428034630.0,2.70074784039336,-98060.0,67.1532316376447,5.33333333333333,61.9,17.2486209380693,42.526501914354,3977.0,814.0,64.2,738.0,253.0,769.0,704.0,163.0
Lesotho,LSO,17.0,7.0,56.212,2152.915282897677,3.86,4166.623445204087,5.337110137209706,30360.0,487293048.0,3.16252874160214,-5886.0,59.2237899943444,24.1666666666667,53.0,27.4004815007995,34.51507759629147,,,,,,,,
Lithuania,LTU,99.7,10.0,46.541,18718.904371135795,62.12,28595.231308598763,2.121721507529543,62675.0,20706095585.0,0.890423906680536,-78887.0,67.4680196189487,19.1489361702128,21.5,66.7712860107422,10.08211463111193,5066.0,882.0,64.3,519.0,-278.0,962.0,463.0,272.0
Luxembourg,LUX,100.0,12.0,54.53,90336.01847040332,90.62,190054.99146066856,4.648417503602246,2574.46,18589696682.0,0.441009496679635,7909.0,68.3512347017205,20.0,3.7,88.48791681658,5.272167066073264,7097.0,952.0,70.5,908.0,87.0,423.0,718.0,216.0
Latvia,LVA,99.8,11.0,47.359,16373.403732049535,68.42,23343.62304160227,-0.4838613177270758,62227.0,9485582285.0,1.1061172800350298,-36128.0,67.5682168868703,20.0,33.1,67.8270681752453,9.64290489270024,,,,,,,,
Morocco,MAR,95.7,9.0,45.1,6848.66748046875,52.0,11131.409068707866,0.647501047462967,446300.0,16002781028.0,3.39079610106242,-70510.0,65.6330807492915,10.4615384615385,13.9,58.3287516486646,41.7007890027538,4383.0,,62.5,663.0,-0.16,0.9,,
Moldova,MDA,99.3,9.0,61.487,6323.06287905206,29.68,7546.070687437451,33.30493209779843,32850.0,1535696902.0,0.262879174562087,-84039.0,71.8248376957931,18.8118811881188,20.0,39.2804946899414,55.30418689468589,5.59,847.0,61.0,598.0,-91.0,929.0,564.0,278.0
Madagascar,MDG,12.3,5.0,82.79,1463.8764678639066,1.7,2462.9224117302388,10.218541029330282,581540.0,1014045012.0,0.570214687272478,-1979.0,53.3186987775804,12.5,86.7,27.8651684949103,86.1912662024353,,,,,,,,
Maldives,MDV,99.0,7.0,47.048,12797.327926291631,26.53,13274.10183089901,3.343747414035292,300.0,74202943.0,,6369.0,69.8917936096144,6.49350649350649,1.4,36.7646137762553,27.36206431979207,,,,,,,,
Mexico,MEX,99.2,11.0,57.189,15909.146496362824,31.05,32229.291248545946,4.372964400492336,1943950.0,297875166000.0,0.433229899207479,-40845.0,64.1304656912175,26.2,9.4,76.5244441414713,27.13231748162987,6802.0,876.0,65.1,778.0,-53.0,693.0,745.0,215.0
North Macedonia,MKD,99.5,13.0,35.565,11322.815203371092,51.9,10784.308532479388,2.04128302301487,25220.0,3088200467.0,1.38215461102863,-16668.0,69.0446769566733,32.5,22.3,58.1206815541291,22.1168877953291,4.18,687.0,64.9,513.0,-63.0,856.0,473.0,314.0
Mali,MLI,27.0,9.0,69.445,2011.678946124752,2.0,7814.302295571237,4.206632598466939,1220190.0,1995697966.0,1.3745668082010398,-34483.0,50.0564151037823,10.2040816326531,84.0,23.1359461824894,82.0318641392634,3762.0,751.0,51.3,749.0,-27.0,811.0,764.0,162.0
Malta,MLT,100.0,11.0,47.152,27295.49598324833,63.0,31639.96914940725,2.765623070474234,320.0,2867700863.0,0.6462126856528929,741.0,69.7042828530902,8.69565217391304,1.2,94.2412435620154,10.65095059734082,5774.0,908.0,70.4,802.0,0.28,,624.0,375.0
Myanmar,MMR,48.8,5.0,64.896,3348.128894970492,0.25,3260.5183580362755,7.043211893660612,653260.0,7871950174.0,,-116481.0,66.5104681992728,4.29447852760736,84.6,29.1415329218024,65.2948478098803,,,,,,,,
Montenegro,MNE,99.2,9.0,38.777,12852.470548294448,37.5,15849.68780484342,1.823736595042206,13450.0,435938837.0,1.81434774678489,-2276.0,67.45550662605,11.1111111111111,49.1,64.3069625751293,13.564663989696204,5455.0,805.0,66.2,552.0,-0.21,757.0,0.51,0.41
Mongolia,MNG,78.5,12.0,54.957,7531.625574426475,10.2,12236.85312335282,39.17818797037407,1557292.418,2908633926.0,0.762997245666295,-6444.0,68.2617854028453,3.94736842105263,4.5,67.8298018313254,51.693895098882166,4586.0,904.0,57.8,631.0,96.0,928.0,559.0,0.15
Mozambique,MOZ,18.9,,79.552,1000.2411486647997,4.17,3756.762152327322,7.645227987252667,786380.0,2202247758.0,0.869180245993684,-97079.0,51.5394381595736,39.2,84.9,30.9861779822921,85.42258799863001,,,,,,,,
Mauritania,MRT,34.2,9.0,39.521,3177.8443656116506,4.0,12250.994275638675,22.34316877733437,1030700.0,1721134240.0,,1128.0,52.5898310053084,22.1052631578947,34.0,45.9541923109942,54.7587556344853,4772.0,857.0,57.4,669.0,53.0,727.0,737.0,129.0
Mauritius,MUS,99.4,11.0,54.671,15919.662276252464,28.33,14874.091440815257,1.0504528911610862,2030.0,1955482274.0,0.148689589780391,-2624.0,71.7171736858579,18.8405797101449,12.8,40.3046131827718,17.75589462593724,,,,,,,,
Malawi,MWI,8.7,8.0,71.164,1457.605683095962,2.26,3391.990699606049,12.127222061170045,94280.0,1105076880.0,0.510085444003662,-9327.0,50.1759691438208,20.8333333333333,81.2,15.4776969380518,61.76147743639744,,,,,,,,
Malaysia,MYS,99.5,6.0,59.557,20193.409294543264,56.3,27478.876656576613,7.266845933894388,328550.0,198641267582.0,1.49021010582112,157164.0,67.1104759628482,9.90990990990991,2.0,70.8625314831025,23.75733371756952,5.58,839.0,65.4,769.0,0.03,844.0,752.0,192.0
Namibia,NAM,44.4,7.0,44.368,8538.199953959478,11.6,31835.66482180762,3.725898498911008,823290.0,5564900398.0,3.51474397546307,-8518.0,59.7585185968124,24.3589743589744,31.2,41.7946176561991,32.36956198257665,,,,,,,,
Niger,NER,13.6,,78.928,1057.5110025738477,0.83,3280.3471214961032,3.475043014381725,1266700.0,470148416.0,0.8765032365190901,-8033.0,48.2256983112617,,80.7,16.2416301279116,84.9220348027154,4101.0,655.0,51.9,817.0,-23.0,529.0,715.0,126.0
Nigeria,NGA,48.0,9.0,78.239,6301.183725447909,11.5,9909.10786493683,16.34276632530633,910770.0,103797812840.0,0.539231118131693,47966.0,52.5665654655266,6.98324022346369,86.0,51.6778188255446,69.5004870633622,4.76,824.0,51.5,565.0,65.0,911.0,759.0,0.19
Nicaragua,NIC,80.1,7.0,58.646,4042.220712765174,10.0,5431.499863287669,6.138086789772984,120340.0,1847965473.0,0.505472679188859,-29081.0,61.3913062423202,20.6521739130435,54.4,56.842311091973,41.6199881908991,5687.0,863.0,64.7,792.0,16.0,802.0,749.0,268.0
Netherlands,NLD,100.0,13.0,63.182,45301.26958160796,90.72,89416.63790898875,0.7102728070485824,33730.0,568994921714.0,1.31752879372712,33703.0,67.1415432435357,40.6666666666667,3.9,87.3502790247129,11.007892124741073,7502.0,957.0,70.9,921.0,345.0,399.0,745.0,206.0
Norway,NOR,100.0,10.0,64.957,58213.13336658549,93.39,226519.8863982045,5.955361321151827,365244.0,130564325762.0,1.50762795492815,42865.0,66.208370677838,39.6449704142012,56.0,79.245002746582,5.468749394007321,,,,,,,,
Nepal,NPL,68.6,,36.587,2139.22749384013,7.93,1442.90278009261,15.146932449007224,143350.0,873962398.0,1.36781608986268,-269963.0,59.2687171847,33.1649831649832,87.3,62.0156581578338,81.4982331912628,4.35,779.0,59.9,519.0,81.0,911.0,538.0,226.0
New Zealand,NZL,100.0,10.0,63.112,31305.329950412382,80.46,75496.34740757642,3.1597268270136425,263310.0,30735801458.0,1.20991906751486,6722.0,66.1540207791557,33.6065573770492,29.4,85.8614043258228,14.18523718890701,7224.0,976.0,69.8,918.0,249.0,321.0,783.0,235.0
Oman,OMN,100.0,,57.31,55667.46877786437,35.8278,85723.77589149766,14.374991214333647,309500.0,35244594584.0,5.64885516492993,28717.0,69.4829381971578,0.0,0.0,75.1579724666274,3.1609936506432668,,,,,,,,
Pakistan,PAK,87.1,12.0,50.664,3785.701135305949,8.0,3563.2490666101426,10.588644262424497,770880.0,21412913292.0,3.0418932648060704,-431902.0,56.9682339928076,22.2222222222222,47.4,34.8159187475539,59.8114982374454,5786.0,571.0,54.5,364.0,295.0,852.0,527.0,372.0
Panama,PAN,86.9,11.0,61.085,15572.57869853226,40.1,26609.468994143805,2.5507037345998214,74340.0,693126493.0,,4953.0,64.5249666876577,8.45070422535211,20.6,65.0926097647906,32.6841498302018,7321.0,928.0,67.5,755.0,-13.0,0.88,841.0,146.0
Peru,PER,88.1,12.0,76.389,9713.35863309362,34.77,18440.99459262645,5.710728594075221,1280000.0,34652682032.0,1.47697203873093,-181302.0,63.5297724392985,27.5,32.2,77.4020936833934,53.2760827851505,5613.0,812.0,67.5,757.0,-63.0,881.0,744.0,0.33
Philippines,PHL,85.5,10.0,59.22,5489.235434576006,25.0,11598.792513219909,4.370884364448884,298170.0,51211227700.0,1.17013220060251,13556.0,61.0521603172193,22.1428571428571,32.7,45.5208176726647,38.9525651325871,4942.0,805.0,61.6,893.0,31.0,812.0,829.0,294.0
Poland,POL,100.0,10.0,50.782,20990.91223254684,62.32,24575.52439935472,1.5792173317416882,306280.0,159465044053.0,1.83851836437415,119623.0,71.3558267076234,20.0,9.5,60.8474783987677,23.82362994813483,5887.0,955.0,67.1,795.0,-1.0,905.0,686.0,234.0
Portugal,PRT,100.0,12.0,54.609,27292.081953152778,53.3,30757.063015747808,0.7821358445373647,91590.0,48200055255.0,1.48615299877848,-5627.0,66.2951498582996,27.3913043478261,27.8,61.0788867241731,15.63754192206329,5095.0,864.0,69.3,721.0,-0.11,948.0,681.0,265.0
Paraguay,PRY,97.4,9.0,64.643,10893.314919947832,19.8,20967.353371846224,4.655701382497711,397300.0,6494312945.0,0.750544858772042,-26169.0,62.4666312825011,12.5,63.6,59.5122792618786,42.07896573307334,5841.0,889.0,65.2,726.0,68.0,0.78,826.0,176.0
West Bank and Gaza,PSE,99.9,10.0,31.431,4120.86066344952,37.4,14217.04606113984,13.196316248176416,6020.0,575513114.0,,-26351.0,55.2025552939812,,14.1,83.8853491139676,26.02964011162419,4703.0,822.0,62.25,504.0,-118.0,752.0,553.0,381.0
Qatar,QAT,100.0,9.0,86.169,151646.14516385092,69.0,107761.09477187188,5.701153794301533,11610.0,74579211093.0,1.47390908321736,90620.0,85.249493997149,0.0,0.1,98.5066232166665,0.6682257286222962,6.85,,64.7,,97.0,,,
Romania,ROU,97.1,10.0,46.762,16386.01945907673,39.93,21340.04752565877,5.932111859899436,230050.0,49473753374.0,1.22697660697606,-122364.0,68.4129224247518,11.377245508982,24.1,53.9038227941329,24.67991443101485,4909.0,689.0,65.4,566.0,-89.0,974.0,539.0,344.0
Russian Federation,RUS,99.3,9.0,58.007,20490.126953125,49.0,19102.186881345708,14.191109568820709,16376870.0,328603715940.0,3.58508572012112,307555.0,72.1279442275068,14.0,3.3,73.6696307887624,5.565264731668042,5385.0,909.0,60.5,613.0,-0.3,937.0,567.0,171.0
Rwanda,RWA,9.7,6.0,53.899,1314.135594943242,8.0,2775.514854557552,3.187174318950284,24670.0,240070939.0,1.21679268178848,-29501.0,54.8494417790031,56.25,90.5,16.9255580310614,44.04718335104971,,,,,,,,
Saudi Arabia,SAU,100.0,9.0,48.572,58828.726534911,41.0,108779.14598788478,17.191327150290036,2149690.0,297797169157.0,8.56567729417753,504955.0,69.9787298856465,0.0,0.0,82.0791668544465,3.3160785455999418,6307.0,0.88,62.2,678.0,-32.0,,645.0,297.0
Sudan,SDN,36.0,8.0,41.348,3805.62744140625,,8049.004098931222,22.66941921162192,,11303722572.0,,-339466.0,52.800409618692,25.5605381165919,61.3,32.7174026591513,39.036858868450096,4435.0,855.0,57.7,648.0,-0.07,737.0,589.0,221.0
Senegal,SEN,56.5,11.0,46.648,2662.5048662647937,8.0,6081.077638558431,1.604415790199326,192530.0,1791955116.0,1.2153093310459,-69888.0,53.7588147597081,22.6666666666667,49.5,43.6371785059692,66.51743911433,4372.0,0.76,56.7,777.0,-81.0,851.0,0.67,143.0
Singapore,SGP,100.0,6.0,64.595,75400.55579841774,71.0,108800.591878854,1.1078087134461612,702.0,350102775511.0,3.3813984398438897,72571.0,78.5292890663685,23.4042553191489,0.5,100.0,9.179849799642897,6531.0,864.0,72.3,846.0,-23.0,0.06,527.0,131.0
Sierra Leone,SLE,11.5,9.0,58.075,1900.385152067029,0.58,8375.518452361135,19.12311800410573,72180.0,40036055.0,0.600434938929684,7983.0,53.5129687785747,13.2231404958678,84.9,38.6417328938613,88.02408891911666,4134.0,812.0,47.8,726.0,11.0,0.91,497.0,0.29
El Salvador,SLV,91.6,9.0,56.959,6247.914527168286,15.9,10443.966091369044,2.5979205150403573,20720.0,4498256967.0,1.08955372746629,-54688.0,61.2773914454243,19.047619047619,32.6,65.4327927543162,37.67194542507836,6.74,757.0,64.4,669.0,-67.0,694.0,823.0,302.0
"Somalia, Fed. Rep.",SOM,52.3,,27.984,815.1314359948743,,,-15.346902305007376,627340.0,368018045.0,,-88448.0,48.8821320175458,6.77655677655678,93.6,38.5735080618592,48.6246895852882,4657.0,829.0,,0.82,,471.0,632.0,83.0
Serbia,SRB,99.7,8.0,40.117,12576.525798966655,40.9,16208.326606397242,4.950308799057439,87460.0,9792272027.0,2.00369125521031,3632.0,68.1630051497022,21.6,20.5,59.3505550689338,31.13145545455616,4461.0,726.0,65.7,463.0,-174.0,965.0,446.0,415.0
South Sudan,SSD,1.5,8.0,64.561,2948.0500149385025,,164379.40220966892,12.926402431149173,,,4.14063254299941,299402.0,54.6810068404287,,,17.535620199576,80.4532176615233,,,,,,,,
Suriname,SUR,91.2,6.0,49.002,13039.449119809924,31.59,30391.62862871076,7.196554190626927,160507.61,735012928.0,,-1138.0,63.8533940206174,9.80392156862745,22.1,66.4338443691967,17.96841724167302,,,,,,,,
Slovak Republic,SVK,100.0,10.0,50.37,25381.7112298749,75.71,25797.174470344213,0.4705285532697019,48091.0,65949510974.00001,1.24987774042242,-1814.0,72.0906326973798,15.3333333333333,10.3,54.5650740704331,12.842534665056863,6052.0,0.92,66.5,636.0,-104.0,907.0,603.0,277.0
Slovenia,SVN,100.0,9.0,55.066,27579.42860576299,70.0,42262.26339254902,-0.4914694446007672,20146.2,29172820158.0,1.61704968465109,-410.0,69.4944321954483,14.4444444444444,20.1,50.1194862794826,15.48264700984052,6083.0,917.0,69.2,896.0,26.0,845.0,592.0,295.0
Sweden,SWE,100.0,9.0,57.755,41951.453367393566,90.0,120718.83470544498,1.0302345183131931,407339.7,156931063674.0,1.19449893581106,51175.0,65.1182387042675,44.9856733524355,44.7,85.1334228515625,8.220820567791804,7496.0,0.97,71.2,905.0,138.0,253.0,788.0,0.2
Eswatini,SWZ,45.6,7.0,37.919,7324.463930858374,11.04,19358.560776499187,2.940070989304417,17200.0,1528699545.0,2.36677016665611,-11334.0,58.2442765258849,13.6363636363636,68.5,22.3330792067471,34.60415786392939,,,,,,,,
Syrian Arab Republic,SYR,92.7,9.0,39.024,,20.7,6354.048439304321,6.8992650940543,183630.0,44479808574.0,4.05614173609585,-54359.0,60.4245748361481,12.4,1.4,55.6962002889119,32.59704927092119,4465.0,934.0,65.1,647.0,5.0,743.0,489.0,225.0
Chad,TCD,6.4,10.0,63.568,2319.688831875605,1.7,16371.076713082586,5.635007068148099,1259200.0,2750242266.0,4.31747390688638,10427.0,49.0077908154874,5.16129032258065,79.2,21.8472378191095,90.4538375496253,3743.0,734.0,48.6,505.0,23.0,858.0,0.56,287.0
Togo,TGO,30.8,10.0,56.789,1537.0536965859349,3.0,2318.286760156396,-0.0933183400535995,54390.0,486345632.0,1.65885798813081,-1964.0,55.6788992052093,11.1111111111111,65.8,37.5545882975638,81.4795363739095,,,,,,,,
Thailand,THA,99.7,9.0,71.211,12932.263344445666,22.4,16786.60854491029,4.0809892267374295,510890.0,192367647425.0,1.5225558657538,52791.0,71.281402493072,13.3192389006343,22.8,44.0018736622496,52.7124341125342,6217.0,898.0,67.1,0.86,534.0,917.0,821.0,182.0
Tajikistan,TJK,98.8,9.0,39.143,2291.078236317316,11.55,5925.979179545407,12.46166773497093,139960.0,1041376654.0,0.95285512473335,-33733.0,59.9981273213684,19.047619047619,61.8,26.5274312963978,31.2997948760221,4381.0,759.0,60.9,784.0,57.0,679.0,483.0,192.0
Turkmenistan,TKM,100.0,10.0,44.689,8971.616287368117,3.0,,2.3060881533174324,469930.0,2727405683.0,,6621.0,65.9249156596019,16.8,0.1,46.9171732247121,33.6545435765934,,,,,,,,
Trinidad and Tobago,TTO,100.0,6.0,61.241,30778.31273702972,48.5,56441.29027218094,12.733336125746192,5130.0,11146391291.0,0.635217366605715,-2230.0,73.4699139078674,28.5714285714286,0.4,54.0899565963587,16.556212125913785,,,,,,,,
Tunisia,TUN,99.5,9.0,41.237,10555.088703322072,36.8,10905.2324943363,9.465024549001512,155360.0,15848614921.0,1.23617052057621,-14168.0,69.3065378163437,27.5700934579439,12.6,66.6280059814453,23.16265326946123,5131.0,863.0,66.3,624.0,-141.0,732.0,697.0,249.0
Turkiye,TUR,100.0,8.0,43.007,17466.26417389352,39.82,23764.363618685773,6.905064723667252,769630.0,110671763788.0,2.27171515093383,55532.0,66.9098375689868,9.10746812386157,14.2,69.3471253941487,32.4345095590541,5.49,795.0,66.9,515.0,-0.19,811.0,532.0,327.0
,,,,,,,,,,,,,,,,,,6229.0,831.0,69.6,677.0,1.0,821.0,738.0,136.0
Tanzania,TZA,14.8,7.0,83.69,2069.40185546875,2.9,5038.069833844727,9.428716252961491,885800.0,4042124505.0,0.896024084275438,-122020.0,51.8627254774863,,89.4,28.1968953939105,86.96963384491309,3229.0,813.0,53.4,597.0,139.0,866.0,667.0,146.0
Uganda,UGA,12.1,7.0,70.692,2091.559631453312,4.3,4420.281521212103,5.637611638134615,200520.0,1531533605.0,2.46009387698207,-168322.0,48.5537691927753,31.2883435582822,93.6,18.7990645544572,77.27755705741653,4193.0,0.83,52.1,801.0,-17.0,855.0,628.0,251.0
Ukraine,UKR,100.0,11.0,51.703,8453.2998046875,23.3,5078.511027334967,13.673228207332896,579320.0,50912410131.0,2.74199654235065,16030.0,70.9888738274457,8.0,2.9,68.637397133357,18.62360824647816,5058.0,884.0,62.2,484.0,-194.0,954.0,472.0,227.0
Uruguay,URY,99.3,14.0,59.683,17872.536968292363,46.4,45078.42492789812,5.746856984421811,175020.0,5705123188.0,1.8758078577761896,-7696.0,63.523238855173,15.1515151515152,53.3,94.3333219475319,23.45536478846334,6062.0,893.0,67.1,832.0,-168.0,471.0,738.0,231.0
United States,USA,100.0,12.0,57.592,48642.6312088213,71.69,,1.2152570375624947,9147420.0,1273116100000.0,4.90402300595835,1594453.0,67.4553923662808,16.7816091954023,7.4,80.6997744673366,4.159265841683714,7164.0,926.0,66.7,828.0,239.0,0.69,776.0,231.0
Uzbekistan,UZB,99.6,11.0,52.406,5504.856379313699,15.9,5561.828233862763,48.58168995009683,435892.0,7388722598.0,,-20380.0,66.2630804209888,22.0,1.3,51.3321647644043,36.25457914873828,5095.0,903.0,62.3,,-37.0,519.0,665.0,152.0
"Venezuela, RB",VEN,99.1,14.0,59.312,20235.71053600628,37.37,,45.94326869858941,882050.0,62216757021.0,1.01348862784929,-52781.0,64.3667007587972,16.969696969697,13.8,88.8026372923982,33.23726536743852,7478.0,932.0,65.3,768.0,-161.0,754.0,847.0,0.13
Viet Nam,VNM,97.4,9.0,75.418,5389.219569936736,30.65,5419.311406841071,42.30326724885569,313294.0,70248864080.0,1.81539587772715,-4443.0,69.3695865360201,25.7606490872211,34.6,30.2504027258526,62.7268053732437,5296.0,787.0,64.5,831.0,-24.0,743.0,671.0,216.0
Kosovo,XKX,,,,7179.222779336867,,,6.392401389530988,,382845908.0,0.722607027057869,-29433.0,65.1985123627353,,,37.929940798209,,5177.0,708.0,,451.0,174.0,967.0,673.0,118.0
"Yemen, Rep.",YEM,60.8,9.0,34.644,3603.03505664196,12.35,39894.85523880153,23.61746385036014,527970.0,6360553763.0,4.68555712379286,20269.0,53.7240771018226,0.332225913621262,0.8,30.6232848305331,41.5814916665313,4.35,727.0,58.6,659.0,-104.0,853.0,514.0,308.0
South Africa,ZAF,82.8,9.0,39.365,12637.291222601758,24.0,21891.378772709533,6.128432431604438,1213090.0,82738898854.0,1.00348106887351,68563.0,65.3494310174809,44.5,9.4,62.6299120560569,10.154571004039887,4652.0,917.0,49.6,739.0,-211.0,791.0,698.0,124.0
Zambia,ZMB,22.0,7.0,51.272,3097.664004992428,3.0,20607.658431204905,13.950913193451896,743390.0,7188712667.0,1.38259276517524,22761.0,51.913735284013,14.0127388535032,89.2,39.9558857709992,79.89294007871638,,,,,,,,
Zimbabwe,ZWE,38.9,7.0,62.319,2661.3648325621334,6.4,5686.51427188739,4.097637886428828,386850.0,2640558213.0,0.8162514532469691,-108671.0,53.8588022091787,14.9532710280374,81.2,32.7284525810054,68.43400496027118,4682.0,857.0,45.2,665.0,-78.0,828.0,699.0,122.0
